omega_c,omega_o,sigma_n,rms_perturbation_implemented,rms_perturbation_exact
1.0,5.0,0.0,0.2965159152603384,0.3705041514244937
1.0,10.0,0.0,0.19051845757056565,0.23173021269796334
1.0,20.0,0.0,0.1409099585661204,0.1600951036349082
1.0,30.0,0.0,0.13430182074796465,0.13640135006661153
1.0,40.0,0.0,0.14468634998378035,0.12573161163295576
1.0,60.0,0.0,0.20202378091569095,0.117422580753643
1.0,80.0,0.0,0.31374217563687745,0.11484461448612754
1.0,100.0,0.0,0.4840328043408905,0.11396014160148063
1.0,150.0,0.0,0.7430109185743944,0.11350179349116078
1.0,200.0,0.0,0.7764277938600253,0.11346460856765302
3.0,5.0,0.0,0.48582071719374254,0.6189637553159945
3.0,10.0,0.0,0.2646455350766906,0.32704123550859254
3.0,20.0,0.0,0.17851013552970202,0.2048257669455654
3.0,30.0,0.0,0.1654401793413822,0.16931152685969028
3.0,40.0,0.0,0.1760887383945123,0.15413118275935214
3.0,60.0,0.0,0.24343943837663484,0.14265180515991874
3.0,80.0,0.0,0.37674586805792215,0.1391480862211531
3.0,100.0,0.0,0.580498414951037,0.13795180921943337
3.0,150.0,0.0,0.8905020481019043,0.1373329796673798
3.0,200.0,0.0,0.9304531870374178,0.1372828071870308
10.0,5.0,0.0,1.3942460621944066,1.7900079335249717
10.0,10.0,0.0,0.5922807301393416,0.73843683313798
10.0,20.0,0.0,0.3361258391058777,0.38754699564584083
10.0,30.0,0.0,0.29379863262215533,0.3012130790918696
10.0,40.0,0.0,0.3047853270385639,0.2670043284777663
10.0,60.0,0.0,0.4127381438463304,0.24228694745854404
10.0,80.0,0.0,0.6342489256830152,0.23493900249748947
10.0,100.0,0.0,0.9747143942044814,0.2324499497566394
10.0,150.0,0.0,1.4933621808435718,0.23116611223764677
10.0,200.0,0.0,1.5600315987798066,0.23106213202741321
3.0,5.0,0.01,0.6116461029382186,0.6806010313178101
3.0,10.0,0.01,1.3239871056883106,0.9692130341096736
3.0,20.0,0.01,4.8970357586980064,3.0679903678266975
3.0,30.0,0.01,10.175061167443891,5.904353698257644
3.0,60.0,0.01,32.464323736741434,12.649697131910058
3.0,100.0,0.01,85.78908207347033,15.29045214328735
3.0,200.0,0.01,129.66384285092278,15.749570657022488
