design,omega_o,e3_h2,e3_impulse_peak,e3_linf_induced
implemented,1.0,0.20718733348623802,0.09280334454310793,1.5380661967161944
implemented,2.0,1.172060228467133,0.6894275554791934,6.202366244595135
implemented,4.0,6.614220455582138,4.764994223156717,25.330013709466094
implemented,6.0,18.12021049287709,13.928469197061267,58.466093293401286
implemented,10.0,63.53150981119369,48.732947382397484,171.0632535676044
implemented,15.0,166.7928781921368,117.5132781283048,418.4492651708664
implemented,20.0,319.7958269761896,202.0643662621177,786.88003014757
implemented,30.0,741.0849816581122,499.0975030331396,1969.1002180787934
exact,1.0,0.0967741746641037,0.046401672271553965,0.62020681999045
exact,2.0,0.5465833204362937,0.3447137777395967,2.485010593663369
exact,4.0,3.072733652180092,2.3824971115783584,10.007212654362085
exact,6.0,8.380370605478882,6.964234598530633,22.742562599387817
exact,10.0,29.086422872742762,24.366473691198742,64.80249335101436
exact,15.0,75.32281702406172,58.7566390641524,153.61173784817916
exact,20.0,142.23806948817472,101.03218313105884,265.5410715247681
exact,30.0,315.0101748614724,249.5487515165698,514.123040072661
